coverage_id,policy_tier,specialty,procedure_code,coverage_percentage,requires_preauth,waiting_period_days,max_claim_amount,authority
COV_00001,Premium,Internal Medicine,99213,90,False,0,1000000,MOH_OMAN
COV_00002,Premium,Internal Medicine,99214,99,False,0,1000000,MOH_OMAN
COV_00003,Premium,Internal Medicine,99215,99,False,0,1000000,MOH_OMAN
COV_00004,Premium,Internal Medicine,99201,95,False,0,1000000,DOH_QATAR
COV_00005,Premium,Internal Medicine,99202,96,False,0,1000000,DOH_QATAR
COV_00006,Average,Internal Medicine,99213,80,True,90,500000,MOH_KUWAIT
COV_00007,Average,Internal Medicine,99214,71,True,90,500000,DOH_UAE
COV_00008,Average,Internal Medicine,99215,68,True,90,500000,MOH_KUWAIT
COV_00009,Average,Internal Medicine,99201,61,True,90,500000,CCHI
COV_00010,Average,Internal Medicine,99202,65,True,90,500000,DOH_QATAR
COV_00011,Basic,Internal Medicine,99213,39,True,365,250000,DOH_QATAR
COV_00012,Basic,Internal Medicine,99214,34,True,365,250000,MOH_BAHRAIN
COV_00013,Basic,Internal Medicine,99215,31,True,365,250000,CCHI
COV_00014,Basic,Internal Medicine,99201,49,True,365,250000,DOH_UAE
COV_00015,Basic,Internal Medicine,99202,41,True,365,250000,MOH_OMAN
COV_00016,Premium,Cardiology,93000,90,False,0,1000000,MOH_BAHRAIN
COV_00017,Premium,Cardiology,93015,97,False,0,1000000,CCHI
COV_00018,Premium,Cardiology,93018,93,False,0,1000000,HIPAA
COV_00019,Premium,Cardiology,93350,99,False,0,1000000,MOH_KUWAIT
COV_00020,Premium,Cardiology,93351,91,False,0,1000000,MOH_BAHRAIN
COV_00021,Average,Cardiology,93000,80,True,90,500000,CCHI
COV_00022,Average,Cardiology,93015,61,True,90,500000,MOH_BAHRAIN
COV_00023,Average,Cardiology,93018,62,True,90,500000,MOH_KUWAIT
COV_00024,Average,Cardiology,93350,75,True,90,500000,DOH_QATAR
COV_00025,Average,Cardiology,93351,61,True,90,500000,DOH_UAE
COV_00026,Basic,Cardiology,93000,42,True,365,250000,DOH_UAE
COV_00027,Basic,Cardiology,93015,50,True,365,250000,MOH_KUWAIT
COV_00028,Basic,Cardiology,93018,36,True,365,250000,DOH_UAE
COV_00029,Basic,Cardiology,93350,48,True,365,250000,DOH_QATAR
COV_00030,Basic,Cardiology,93351,31,True,365,250000,MOH_BAHRAIN
COV_00031,Premium,Urology,52000,94,False,0,1000000,DOH_QATAR
COV_00032,Premium,Urology,52310,98,False,0,1000000,CCHI
COV_00033,Premium,Urology,52332,90,False,0,1000000,CCHI
COV_00034,Premium,Urology,52353,95,False,0,1000000,HIPAA
COV_00035,Premium,Urology,52356,93,False,0,1000000,MOH_OMAN
COV_00036,Average,Urology,52000,64,True,90,500000,DOH_QATAR
COV_00037,Average,Urology,52310,71,True,90,500000,HIPAA
COV_00038,Average,Urology,52332,72,True,90,500000,MOH_OMAN
COV_00039,Average,Urology,52353,62,True,90,500000,HIPAA
COV_00040,Average,Urology,52356,61,True,90,500000,CCHI
COV_00041,Basic,Urology,52000,37,True,365,250000,HIPAA
COV_00042,Basic,Urology,52310,41,True,365,250000,CCHI
COV_00043,Basic,Urology,52332,50,True,365,250000,CCHI
COV_00044,Basic,Urology,52353,34,True,365,250000,MOH_BAHRAIN
COV_00045,Basic,Urology,52356,44,True,365,250000,DOH_UAE
COV_00046,Premium,Pediatrics,99381,100,False,0,1000000,HIPAA
COV_00047,Premium,Pediatrics,99382,100,False,0,1000000,MOH_KUWAIT
COV_00048,Premium,Pediatrics,99383,92,False,0,1000000,DOH_UAE
COV_00049,Premium,Pediatrics,99391,95,False,0,1000000,MOH_KUWAIT
COV_00050,Premium,Pediatrics,99392,93,False,0,1000000,MOH_KUWAIT
COV_00051,Average,Pediatrics,99381,71,True,90,500000,HIPAA
COV_00052,Average,Pediatrics,99382,79,True,90,500000,DOH_UAE
COV_00053,Average,Pediatrics,99383,70,True,90,500000,DOH_UAE
COV_00054,Average,Pediatrics,99391,80,True,90,500000,MOH_BAHRAIN
COV_00055,Average,Pediatrics,99392,62,True,90,500000,HIPAA
COV_00056,Basic,Pediatrics,99381,47,True,365,250000,MOH_BAHRAIN
COV_00057,Basic,Pediatrics,99382,48,True,365,250000,DOH_UAE
COV_00058,Basic,Pediatrics,99383,38,True,365,250000,DOH_QATAR
COV_00059,Basic,Pediatrics,99391,39,True,365,250000,MOH_BAHRAIN
COV_00060,Basic,Pediatrics,99392,42,True,365,250000,HIPAA
COV_00061,Premium,OB/GYN,59400,100,False,0,1000000,MOH_BAHRAIN
COV_00062,Premium,OB/GYN,59510,94,False,0,1000000,CCHI
COV_00063,Premium,OB/GYN,59610,100,False,0,1000000,MOH_BAHRAIN
COV_00064,Premium,OB/GYN,58100,100,False,0,1000000,DOH_UAE
COV_00065,Premium,OB/GYN,58150,94,False,0,1000000,HIPAA
COV_00066,Average,OB/GYN,59400,70,True,90,500000,MOH_KUWAIT
COV_00067,Average,OB/GYN,59510,66,True,90,500000,DOH_UAE
COV_00068,Average,OB/GYN,59610,64,True,90,500000,DOH_UAE
COV_00069,Average,OB/GYN,58100,66,True,90,500000,MOH_OMAN
COV_00070,Average,OB/GYN,58150,65,True,90,500000,DOH_QATAR
COV_00071,Basic,OB/GYN,59400,33,True,365,250000,CCHI
COV_00072,Basic,OB/GYN,59510,49,True,365,250000,MOH_KUWAIT
COV_00073,Basic,OB/GYN,59610,44,True,365,250000,MOH_OMAN
COV_00074,Basic,OB/GYN,58100,48,True,365,250000,HIPAA
COV_00075,Basic,OB/GYN,58150,47,True,365,250000,DOH_QATAR
COV_00076,Premium,Emergency,99281,100,False,0,1000000,DOH_QATAR
COV_00077,Premium,Emergency,99282,92,False,0,1000000,HIPAA
COV_00078,Premium,Emergency,99283,91,False,0,1000000,DOH_QATAR
COV_00079,Premium,Emergency,99284,98,False,0,1000000,HIPAA
COV_00080,Premium,Emergency,99285,96,False,0,1000000,MOH_KUWAIT
COV_00081,Average,Emergency,99281,65,True,90,500000,HIPAA
COV_00082,Average,Emergency,99282,77,True,90,500000,HIPAA
COV_00083,Average,Emergency,99283,68,True,90,500000,DOH_UAE
COV_00084,Average,Emergency,99284,71,True,90,500000,MOH_OMAN
COV_00085,Average,Emergency,99285,78,True,90,500000,MOH_BAHRAIN
COV_00086,Basic,Emergency,99281,39,True,365,250000,DOH_QATAR
COV_00087,Basic,Emergency,99282,30,True,365,250000,MOH_BAHRAIN
COV_00088,Basic,Emergency,99283,42,True,365,250000,DOH_UAE
COV_00089,Basic,Emergency,99284,34,True,365,250000,DOH_QATAR
COV_00090,Basic,Emergency,99285,33,True,365,250000,HIPAA
COV_00091,Premium,Orthopedics,27447,95,False,0,1000000,MOH_KUWAIT
COV_00092,Premium,Orthopedics,27130,97,False,0,1000000,MOH_BAHRAIN
COV_00093,Premium,Orthopedics,29881,94,False,0,1000000,HIPAA
COV_00094,Premium,Orthopedics,29882,96,False,0,1000000,DOH_UAE
COV_00095,Premium,Orthopedics,29888,99,False,0,1000000,MOH_BAHRAIN
COV_00096,Average,Orthopedics,27447,77,True,90,500000,DOH_UAE
COV_00097,Average,Orthopedics,27130,68,True,90,500000,DOH_QATAR
COV_00098,Average,Orthopedics,29881,63,True,90,500000,MOH_BAHRAIN
COV_00099,Average,Orthopedics,29882,68,True,90,500000,MOH_KUWAIT
COV_00100,Average,Orthopedics,29888,73,True,90,500000,HIPAA
COV_00101,Basic,Orthopedics,27447,41,True,365,250000,CCHI
COV_00102,Basic,Orthopedics,27130,40,True,365,250000,MOH_KUWAIT
COV_00103,Basic,Orthopedics,29881,38,True,365,250000,DOH_QATAR
COV_00104,Basic,Orthopedics,29882,34,True,365,250000,MOH_BAHRAIN
COV_00105,Basic,Orthopedics,29888,50,True,365,250000,MOH_BAHRAIN
COV_00106,Premium,Neurology,95816,97,False,0,1000000,MOH_KUWAIT
COV_00107,Premium,Neurology,95819,98,False,0,1000000,MOH_OMAN
COV_00108,Premium,Neurology,95822,97,False,0,1000000,MOH_OMAN
COV_00109,Premium,Neurology,95860,91,False,0,1000000,HIPAA
COV_00110,Premium,Neurology,95861,100,False,0,1000000,MOH_OMAN
COV_00111,Average,Neurology,95816,73,True,90,500000,HIPAA
COV_00112,Average,Neurology,95819,76,True,90,500000,CCHI
COV_00113,Average,Neurology,95822,71,True,90,500000,DOH_QATAR
COV_00114,Average,Neurology,95860,76,True,90,500000,HIPAA
COV_00115,Average,Neurology,95861,77,True,90,500000,DOH_UAE
COV_00116,Basic,Neurology,95816,32,True,365,250000,MOH_BAHRAIN
COV_00117,Basic,Neurology,95819,48,True,365,250000,HIPAA
COV_00118,Basic,Neurology,95822,43,True,365,250000,MOH_KUWAIT
COV_00119,Basic,Neurology,95860,36,True,365,250000,MOH_OMAN
COV_00120,Basic,Neurology,95861,49,True,365,250000,HIPAA
COV_00121,Premium,Dermatology,11100,90,False,0,1000000,MOH_BAHRAIN
COV_00122,Premium,Dermatology,11101,96,False,0,1000000,DOH_UAE
COV_00123,Premium,Dermatology,17000,97,False,0,1000000,MOH_OMAN
COV_00124,Premium,Dermatology,17003,96,False,0,1000000,MOH_OMAN
COV_00125,Premium,Dermatology,17110,95,False,0,1000000,DOH_UAE
COV_00126,Average,Dermatology,11100,70,True,90,500000,HIPAA
COV_00127,Average,Dermatology,11101,72,True,90,500000,MOH_BAHRAIN
COV_00128,Average,Dermatology,17000,77,True,90,500000,HIPAA
COV_00129,Average,Dermatology,17003,75,True,90,500000,MOH_BAHRAIN
COV_00130,Average,Dermatology,17110,78,True,90,500000,DOH_UAE
COV_00131,Basic,Dermatology,11100,40,True,365,250000,MOH_KUWAIT
COV_00132,Basic,Dermatology,11101,39,True,365,250000,MOH_BAHRAIN
COV_00133,Basic,Dermatology,17000,46,True,365,250000,HIPAA
COV_00134,Basic,Dermatology,17003,35,True,365,250000,MOH_KUWAIT
COV_00135,Basic,Dermatology,17110,34,True,365,250000,CCHI
COV_00136,Premium,Ophthalmology,92014,96,False,0,1000000,MOH_OMAN
COV_00137,Premium,Ophthalmology,92015,94,False,0,1000000,DOH_UAE
COV_00138,Premium,Ophthalmology,66984,94,False,0,1000000,CCHI
COV_00139,Premium,Ophthalmology,67028,97,False,0,1000000,DOH_QATAR
COV_00140,Premium,Ophthalmology,67036,90,False,0,1000000,MOH_BAHRAIN
COV_00141,Average,Ophthalmology,92014,62,True,90,500000,DOH_QATAR
COV_00142,Average,Ophthalmology,92015,63,True,90,500000,CCHI
COV_00143,Average,Ophthalmology,66984,60,True,90,500000,DOH_UAE
COV_00144,Average,Ophthalmology,67028,63,True,90,500000,DOH_UAE
COV_00145,Average,Ophthalmology,67036,69,True,90,500000,CCHI
COV_00146,Basic,Ophthalmology,92014,49,True,365,250000,CCHI
COV_00147,Basic,Ophthalmology,92015,30,True,365,250000,DOH_UAE
COV_00148,Basic,Ophthalmology,66984,35,True,365,250000,DOH_UAE
COV_00149,Basic,Ophthalmology,67028,39,True,365,250000,MOH_OMAN
COV_00150,Basic,Ophthalmology,67036,44,True,365,250000,HIPAA
